{"cameraMode":{"drawMode":0,"name":"Shaded","section":"Shading Mode"},"sceneLighting":false,"audioPlay":false,"sceneViewState":{"m_AlwaysRefresh":false,"showFog":true,"showSkybox":false,"showFlares":true,"showImageEffects":true,"showParticleSystems":true,"showVisualEffectGraphs":true,"m_FxEnabled":false},"in2DMode":false,"pivot":{"x":9.125410079956055,"y":1.1390933990478516,"z":-0.8129885792732239},"rotation":{"x":0.3873603940010071,"y":-0.22458522021770478,"z":0.09788426756858826,"w":0.8888137936592102},"size":2.6800765991210939,"orthographic":true}