{"cameraMode":{"drawMode":0,"name":"Shaded","section":"Shading Mode"},"sceneLighting":false,"audioPlay":false,"sceneViewState":{"m_AlwaysRefresh":false,"showFog":true,"showSkybox":true,"showFlares":true,"showImageEffects":true,"showParticleSystems":true,"showVisualEffectGraphs":true,"m_FxEnabled":false},"in2DMode":false,"pivot":{"x":4.395766735076904,"y":-1.5451956987380982,"z":0.3054032027721405},"rotation":{"x":0.34076517820358279,"y":0.036652229726314548,"z":-0.013303374871611596,"w":0.9393612742424011},"size":8.545905113220215,"orthographic":true}