{"cameraMode":{"drawMode":0,"name":"Shaded","section":"Shading Mode"},"sceneLighting":false,"audioPlay":false,"sceneViewState":{"m_AlwaysRefresh":false,"showFog":true,"showSkybox":true,"showFlares":true,"showImageEffects":true,"showParticleSystems":true,"showVisualEffectGraphs":true,"m_FxEnabled":false},"in2DMode":false,"pivot":{"x":0.1219399943947792,"y":0.33440181612968447,"z":1.6104929447174073},"rotation":{"x":0.1378401666879654,"y":0.13034090399742127,"z":-0.018298787996172906,"w":0.9816805124282837},"size":2.110964059829712,"orthographic":true}