{"cameraMode":{"drawMode":0,"name":"Shaded","section":"Shading Mode"},"sceneLighting":true,"audioPlay":false,"sceneViewState":{"m_AlwaysRefresh":false,"showFog":true,"showSkybox":true,"showFlares":true,"showImageEffects":true,"showParticleSystems":true,"showVisualEffectGraphs":true,"m_FxEnabled":false},"in2DMode":false,"pivot":{"x":6.615459442138672,"y":7.146008014678955,"z":-0.8093892335891724},"rotation":{"x":0.061616163700819018,"y":0.35571882128715517,"z":-0.023522483184933664,"w":0.9322946071624756},"size":8.132491111755371,"orthographic":true}