{"cameraMode":{"drawMode":0,"name":"Shaded","section":"Shading Mode"},"sceneLighting":false,"audioPlay":false,"sceneViewState":{"m_AlwaysRefresh":false,"showFog":true,"showSkybox":true,"showFlares":true,"showImageEffects":true,"showParticleSystems":true,"showVisualEffectGraphs":true,"m_FxEnabled":false},"in2DMode":false,"pivot":{"x":-1.1673895120620728,"y":0.16098079085350038,"z":1.4834284782409669},"rotation":{"x":0.2841620147228241,"y":0.09186515212059021,"z":-0.02736525982618332,"w":0.9539855122566223},"size":2.110964059829712,"orthographic":true}