{"cameraMode":{"drawMode":0,"name":"Shaded","section":"Shading Mode"},"sceneLighting":false,"audioPlay":false,"sceneViewState":{"m_AlwaysRefresh":false,"showFog":true,"showSkybox":true,"showFlares":true,"showImageEffects":true,"showParticleSystems":true,"showVisualEffectGraphs":true,"m_FxEnabled":false},"in2DMode":false,"pivot":{"x":0.5329909920692444,"y":0.5295945405960083,"z":2.297377824783325},"rotation":{"x":0.48947376012802126,"y":0.006539851892739534,"z":-0.0036727660335600378,"w":0.8719897270202637},"size":5.546667575836182,"orthographic":true}