{"cameraMode":{"drawMode":0,"name":"Shaded","section":"Shading Mode"},"sceneLighting":true,"audioPlay":false,"sceneViewState":{"m_AlwaysRefresh":false,"showFog":true,"showSkybox":true,"showFlares":true,"showImageEffects":true,"showParticleSystems":true,"showVisualEffectGraphs":true,"m_FxEnabled":false},"in2DMode":false,"pivot":{"x":6.778258800506592,"y":0.1708720624446869,"z":3.9707751274108888},"rotation":{"x":0.14645028114318849,"y":0.2736053764820099,"z":-0.04218921810388565,"w":0.9497005939483643},"size":8.600443840026856,"orthographic":true}