{"cameraMode":{"drawMode":0,"name":"Shaded","section":"Shading Mode"},"sceneLighting":true,"audioPlay":false,"sceneViewState":{"m_AlwaysRefresh":false,"showFog":true,"showSkybox":true,"showFlares":true,"showImageEffects":true,"showParticleSystems":true,"showVisualEffectGraphs":true,"m_FxEnabled":false},"in2DMode":false,"pivot":{"x":6.488844871520996,"y":7.366021633148193,"z":-1.9810247421264649},"rotation":{"x":0.22800379991531373,"y":0.2747911810874939,"z":-0.06725620478391648,"w":0.9317178130149841},"size":10.126190185546875,"orthographic":true}