{"cameraMode":{"drawMode":0,"name":"Shaded","section":"Shading Mode"},"sceneLighting":true,"audioPlay":false,"sceneViewState":{"m_AlwaysRefresh":false,"showFog":true,"showSkybox":true,"showFlares":true,"showImageEffects":true,"showParticleSystems":true,"showVisualEffectGraphs":true,"m_FxEnabled":false},"in2DMode":false,"pivot":{"x":0.012005330994725228,"y":-0.9640529751777649,"z":-1.2182711362838746},"rotation":{"x":0.001229175366461277,"y":0.9893143177032471,"z":-0.14587967097759248,"w":0.008311081677675248},"size":2.341778516769409,"orthographic":true}