{"cameraMode":{"drawMode":0,"name":"Shaded","section":"Shading Mode"},"sceneLighting":true,"audioPlay":false,"sceneViewState":{"m_AlwaysRefresh":false,"showFog":true,"showSkybox":true,"showFlares":true,"showImageEffects":true,"showParticleSystems":true,"showVisualEffectGraphs":true,"m_FxEnabled":false},"in2DMode":false,"pivot":{"x":0.07737218588590622,"y":2.3610780239105226,"z":-0.24799878895282746},"rotation":{"x":0.2722206711769104,"y":0.27372369170188906,"z":-0.08109354972839356,"w":0.9189398884773254},"size":2.014619827270508,"orthographic":true}