{"cameraMode":{"drawMode":0,"name":"Shaded","section":"Shading Mode"},"sceneLighting":true,"audioPlay":false,"sceneViewState":{"m_AlwaysRefresh":false,"showFog":true,"showSkybox":true,"showFlares":true,"showImageEffects":true,"showParticleSystems":true,"showVisualEffectGraphs":true,"m_FxEnabled":false},"in2DMode":false,"pivot":{"x":-0.890216052532196,"y":2.3866961002349855,"z":-0.5358796715736389},"rotation":{"x":0.15992052853107453,"y":0.3138245642185211,"z":-0.05371551588177681,"w":0.9344467520713806},"size":2.5112438201904299,"orthographic":true}