{"cameraMode":{"drawMode":0,"name":"Shaded","section":"Shading Mode"},"sceneLighting":false,"audioPlay":false,"sceneViewState":{"m_AlwaysRefresh":false,"showFog":true,"showSkybox":true,"showFlares":true,"showImageEffects":true,"showParticleSystems":true,"showVisualEffectGraphs":true,"m_FxEnabled":false},"in2DMode":false,"pivot":{"x":5.2256646156311039,"y":0.7528429627418518,"z":4.480454444885254},"rotation":{"x":0.14882700145244599,"y":0.21328215301036836,"z":-0.03285148739814758,"w":0.965069591999054},"size":6.253308296203613,"orthographic":true}