{"cameraMode":{"drawMode":0,"name":"Shaded","section":"Shading Mode"},"sceneLighting":false,"audioPlay":false,"sceneViewState":{"m_AlwaysRefresh":false,"showFog":true,"showSkybox":true,"showFlares":true,"showImageEffects":true,"showParticleSystems":true,"showVisualEffectGraphs":true,"m_FxEnabled":false},"in2DMode":false,"pivot":{"x":8.414735794067383,"y":0.6900217533111572,"z":2.8961477279663088},"rotation":{"x":0.18328501284122468,"y":0.13080833852291108,"z":-0.024617044255137445,"w":0.9740126729011536},"size":13.487285614013672,"orthographic":true}