{"cameraMode":{"drawMode":0,"name":"Shaded","section":"Shading Mode"},"sceneLighting":false,"audioPlay":false,"sceneViewState":{"m_AlwaysRefresh":false,"showFog":true,"showSkybox":true,"showFlares":true,"showImageEffects":true,"showParticleSystems":true,"showVisualEffectGraphs":true,"m_FxEnabled":false},"in2DMode":false,"pivot":{"x":7.7063212394714359,"y":2.0921196937561037,"z":-0.8617538809776306},"rotation":{"x":0.2201821208000183,"y":0.0014634052058681846,"z":-0.0003325737197883427,"w":0.9754648208618164},"size":6.127673149108887,"orthographic":true}