{"cameraMode":{"drawMode":0,"name":"Shaded","section":"Shading Mode"},"sceneLighting":true,"audioPlay":false,"sceneViewState":{"m_AlwaysRefresh":false,"showFog":true,"showSkybox":true,"showFlares":true,"showImageEffects":true,"showParticleSystems":true,"showVisualEffectGraphs":true,"m_FxEnabled":false},"in2DMode":false,"pivot":{"x":7.633039951324463,"y":1.5011579990386963,"z":0.15815630555152894},"rotation":{"x":0.21361570060253144,"y":0.0796157494187355,"z":-0.01747436448931694,"w":0.9735348224639893},"size":6.852664947509766,"orthographic":true}