{"cameraMode":{"drawMode":0,"name":"Shaded","section":"Shading Mode"},"sceneLighting":true,"audioPlay":false,"sceneViewState":{"m_AlwaysRefresh":false,"showFog":true,"showSkybox":false,"showFlares":true,"showImageEffects":true,"showParticleSystems":true,"showVisualEffectGraphs":true,"m_FxEnabled":false},"in2DMode":false,"pivot":{"x":-0.36786410212516787,"y":0.43896669149398806,"z":-0.16899746656417848},"rotation":{"x":-0.020348254591226579,"y":0.904565691947937,"z":-0.4236449897289276,"w":-0.043453115969896319},"size":2.826539993286133,"orthographic":false}